{"config_name": "recursive_grid_AGIXUSDT_383days",
 "logging_level": 0,
 "long": {"auto_unstuck_delay_minutes": 1408.5826483695735,
          "auto_unstuck_ema_dist": -0.002879817303022213,
          "auto_unstuck_qty_pct": 0.07839846782655531,
          "auto_unstuck_wallet_exposure_threshold": 0.09093757276451733,
          "backwards_tp": true,
          "ddown_factor": 2.4627338521032365,
          "ema_span_0": 179.2264275712813,
          "ema_span_1": 237.9408735689102,
          "enabled": true,
          "initial_eprice_ema_dist": -0.09607776362205761,
          "initial_qty_pct": 0.004346015102160541,
          "markup_range": 0.004834409355314151,
          "min_markup": 0.0066460741557764855,
          "n_close_orders": 2,
          "rentry_pprice_dist": 0.0312801328004024,
          "rentry_pprice_dist_wallet_exposure_weighting": 1.8088302662200106,
          "wallet_exposure_limit": 1.0},
 "short": {"auto_unstuck_delay_minutes": 0.0,
           "auto_unstuck_ema_dist": 0.0,
           "auto_unstuck_qty_pct": 0.0,
           "auto_unstuck_wallet_exposure_threshold": 0.0,
           "backwards_tp": true,
           "ddown_factor": 0.18368976601184023,
           "ema_span_0": 1084.684792805591,
           "ema_span_1": 771.8658895120618,
           "enabled": false,
           "initial_eprice_ema_dist": -0.0087615526450191,
           "initial_qty_pct": 0.011166616217451132,
           "markup_range": 0.00198822400703596,
           "min_markup": 0.009705500491508777,
           "n_close_orders": 11,
           "rentry_pprice_dist": 0.031066041624270214,
           "rentry_pprice_dist_wallet_exposure_weighting": 2.9668341218888554,
           "wallet_exposure_limit": 1.0}}