{"config_name": "recursive_grid_ORDIUSDT_205days",
 "logging_level": 0,
 "long": {"auto_unstuck_delay_minutes": 239.66052734296244,
          "auto_unstuck_ema_dist": 0.00064575755016679,
          "auto_unstuck_qty_pct": 0.09848690125665228,
          "auto_unstuck_wallet_exposure_threshold": 0.0799514412331441,
          "backwards_tp": true,
          "ddown_factor": 0.38472603312643955,
          "ema_span_0": 502.4340165131058,
          "ema_span_1": 404.2320472419274,
          "enabled": true,
          "initial_eprice_ema_dist": -0.09225311117333407,
          "initial_qty_pct": 0.00376126171226885,
          "markup_range": 0.029975819993353327,
          "min_markup": 0.00459665403075853,
          "n_close_orders": 4,
          "rentry_pprice_dist": 0.01933500713061061,
          "rentry_pprice_dist_wallet_exposure_weighting": 3.566361290345793,
          "wallet_exposure_limit": 1.0},
 "short": {"auto_unstuck_delay_minutes": 1135.9309069026024,
           "auto_unstuck_ema_dist": -0.08559276018563565,
           "auto_unstuck_qty_pct": 0.06884870479015741,
           "auto_unstuck_wallet_exposure_threshold": 0.38296017281570405,
           "backwards_tp": true,
           "ddown_factor": 0.8945393595701258,
           "ema_span_0": 1155.5437352990132,
           "ema_span_1": 1053.4322328597668,
           "enabled": false,
           "initial_eprice_ema_dist": -0.09445172233294569,
           "initial_qty_pct": 0.0401615702660985,
           "markup_range": 0.028486665171233546,
           "min_markup": 0.005076612730096671,
           "n_close_orders": 12,
           "rentry_pprice_dist": 0.024442418670174288,
           "rentry_pprice_dist_wallet_exposure_weighting": 8.198608659285547,
           "wallet_exposure_limit": 1.0}}