{"config_name": "recursive_grid_DOGEUSDT_915days",
 "logging_level": 0,
 "long": {"auto_unstuck_delay_minutes": 565.4639556032353,
          "auto_unstuck_ema_dist": 0.004999687856458984,
          "auto_unstuck_qty_pct": 0.05473262346664285,
          "auto_unstuck_wallet_exposure_threshold": 0.06065328060838622,
          "backwards_tp": true,
          "ddown_factor": 0.8656594711669754,
          "ema_span_0": 207.33505844095228,
          "ema_span_1": 408.1451615067578,
          "enabled": true,
          "initial_eprice_ema_dist": -0.055198596497400484,
          "initial_qty_pct": 0.002401435718109326,
          "markup_range": 0.01564842828231418,
          "min_markup": 0.005957790510494106,
          "n_close_orders": 1,
          "rentry_pprice_dist": 0.00960195509378637,
          "rentry_pprice_dist_wallet_exposure_weighting": 2.206254831494062,
          "wallet_exposure_limit": 1.0},
 "short": {"auto_unstuck_delay_minutes": 1049.7489871262371,
           "auto_unstuck_ema_dist": -0.08769561404028903,
           "auto_unstuck_qty_pct": 0.030763904764904794,
           "auto_unstuck_wallet_exposure_threshold": 0.43142617426174,
           "backwards_tp": true,
           "ddown_factor": 0.882077818635986,
           "ema_span_0": 225.82443345719,
           "ema_span_1": 135.31112209390332,
           "enabled": false,
           "initial_eprice_ema_dist": -0.08844949821790099,
           "initial_qty_pct": 0.04660258349717759,
           "markup_range": 0.020976159721004802,
           "min_markup": 0.009205768678239752,
           "n_close_orders": 3,
           "rentry_pprice_dist": 0.02299636255778585,
           "rentry_pprice_dist_wallet_exposure_weighting": 17.74748791538175,
           "wallet_exposure_limit": 1.0}}