{"config_name": "recursive_grid_SEIUSDT_148days",
 "logging_level": 0,
 "long": {"auto_unstuck_delay_minutes": 2.43688499410937,
          "auto_unstuck_ema_dist": 0.01727606341024715,
          "auto_unstuck_qty_pct": 0.07290825076280912,
          "auto_unstuck_wallet_exposure_threshold": 0.05287493672339306,
          "backwards_tp": true,
          "ddown_factor": 1.1504320730837547,
          "ema_span_0": 784.3394754695495,
          "ema_span_1": 976.281495069753,
          "enabled": true,
          "initial_eprice_ema_dist": 0.0015037986810476156,
          "initial_qty_pct": 0.009783130915228429,
          "markup_range": 0.014235781392635627,
          "min_markup": 0.0006336227163080861,
          "n_close_orders": 10,
          "rentry_pprice_dist": 0.005162452473508524,
          "rentry_pprice_dist_wallet_exposure_weighting": 12.358909109891963,
          "wallet_exposure_limit": 1},
 "short": {"auto_unstuck_delay_minutes": 0.0,
           "auto_unstuck_ema_dist": 0.0,
           "auto_unstuck_qty_pct": 0.0,
           "auto_unstuck_wallet_exposure_threshold": 0.0,
           "backwards_tp": true,
           "ddown_factor": 0.14865077885156253,
           "ema_span_0": 929.3227078254141,
           "ema_span_1": 938.8029938208343,
           "enabled": false,
           "initial_eprice_ema_dist": -0.004463680637310108,
           "initial_qty_pct": 0.005264821280489862,
           "markup_range": 0.003690378465875498,
           "min_markup": 0.0015137379908935422,
           "n_close_orders": 8,
           "rentry_pprice_dist": 0.04667901959882598,
           "rentry_pprice_dist_wallet_exposure_weighting": 5.877843342604969,
           "wallet_exposure_limit": 1.0}}