{"config_name": "recursive_grid_HBARUSDT_775days",
 "logging_level": 0,
 "long": {"auto_unstuck_delay_minutes": 1402.865371461089,
          "auto_unstuck_ema_dist": -0.0026890645210358014,
          "auto_unstuck_qty_pct": 0.09473235858018347,
          "auto_unstuck_wallet_exposure_threshold": 0.07053438022463106,
          "backwards_tp": true,
          "ddown_factor": 0.7082063511294191,
          "ema_span_0": 180.09961694185495,
          "ema_span_1": 182.34619851424446,
          "enabled": true,
          "initial_eprice_ema_dist": -0.07993135626269668,
          "initial_qty_pct": 0.005520360790910958,
          "markup_range": 0.00962168005789242,
          "min_markup": 0.006083926341607191,
          "n_close_orders": 2,
          "rentry_pprice_dist": 0.01893132460027833,
          "rentry_pprice_dist_wallet_exposure_weighting": 1.8024555941236047,
          "wallet_exposure_limit": 1.0},
 "short": {"auto_unstuck_delay_minutes": 678.0595974647871,
           "auto_unstuck_ema_dist": -0.09761010613345472,
           "auto_unstuck_qty_pct": 0.06736975360785621,
           "auto_unstuck_wallet_exposure_threshold": 0.5770638656724406,
           "backwards_tp": true,
           "ddown_factor": 1.6533534446671416,
           "ema_span_0": 1192.9842308194802,
           "ema_span_1": 706.6073309727686,
           "enabled": false,
           "initial_eprice_ema_dist": -0.02463063776478333,
           "initial_qty_pct": 0.02749294486079403,
           "markup_range": 0.04992382652596407,
           "min_markup": 0.009152660400514986,
           "n_close_orders": 6,
           "rentry_pprice_dist": 0.04219943972613432,
           "rentry_pprice_dist_wallet_exposure_weighting": 16.34981172255072,
           "wallet_exposure_limit": 1.0}}