{"config_name": "recursive_grid_XRPUSDT_938days",
 "logging_level": 0,
 "long": {"auto_unstuck_delay_minutes": 945.6719759560874,
          "auto_unstuck_ema_dist": -0.0031928608201254806,
          "auto_unstuck_qty_pct": 0.09865479664781528,
          "auto_unstuck_wallet_exposure_threshold": 0.07030194120910194,
          "backwards_tp": true,
          "ddown_factor": 3.9206798516284467,
          "ema_span_0": 388.32397757109925,
          "ema_span_1": 939.6356267439603,
          "enabled": true,
          "initial_eprice_ema_dist": -0.012604723765430004,
          "initial_qty_pct": 0.003646755931037881,
          "markup_range": 0.006283289666198088,
          "min_markup": 0.009054967861212827,
          "n_close_orders": 3,
          "rentry_pprice_dist": 0.025110153746537228,
          "rentry_pprice_dist_wallet_exposure_weighting": 1.200281635751338,
          "wallet_exposure_limit": 1.0},
 "short": {"auto_unstuck_delay_minutes": 24.395486142949082,
           "auto_unstuck_ema_dist": -0.08305039939489663,
           "auto_unstuck_qty_pct": 0.06025068841988461,
           "auto_unstuck_wallet_exposure_threshold": 0.3554824666439934,
           "backwards_tp": true,
           "ddown_factor": 1.2308655944833398,
           "ema_span_0": 409.23541756919184,
           "ema_span_1": 649.1811297420021,
           "enabled": false,
           "initial_eprice_ema_dist": -0.00444263926241488,
           "initial_qty_pct": 0.047620010153595904,
           "markup_range": 0.058977694213731856,
           "min_markup": 0.006566785944787756,
           "n_close_orders": 2,
           "rentry_pprice_dist": 0.008543622172847203,
           "rentry_pprice_dist_wallet_exposure_weighting": 16.305158987171822,
           "wallet_exposure_limit": 1.0}}