{"config_name": "recursive_grid_1000PEPEUSDT_306days",
 "logging_level": 0,
 "long": {"auto_unstuck_delay_minutes": 306.26585209787453,
          "auto_unstuck_ema_dist": 0.0003032882493111922,
          "auto_unstuck_qty_pct": 0.06014447218571184,
          "auto_unstuck_wallet_exposure_threshold": 0.0651267347383326,
          "backwards_tp": true,
          "ddown_factor": 1.4040712209948327,
          "ema_span_0": 658.0927138867977,
          "ema_span_1": 680.0017854635336,
          "enabled": true,
          "initial_eprice_ema_dist": -0.09342674990095833,
          "initial_qty_pct": 0.0047932349827064765,
          "markup_range": 0.010384906652255575,
          "min_markup": 0.005823203299906152,
          "n_close_orders": 4,
          "rentry_pprice_dist": 0.02305723017177179,
          "rentry_pprice_dist_wallet_exposure_weighting": 6.737107130418508,
          "wallet_exposure_limit": 1.0},
 "short": {"auto_unstuck_delay_minutes": 0.0,
           "auto_unstuck_ema_dist": 0.0,
           "auto_unstuck_qty_pct": 0.0,
           "auto_unstuck_wallet_exposure_threshold": 0.0,
           "backwards_tp": true,
           "ddown_factor": 0.5549529377705911,
           "ema_span_0": 539.2021188641992,
           "ema_span_1": 860.2479388748363,
           "enabled": false,
           "initial_eprice_ema_dist": -0.009516363134446516,
           "initial_qty_pct": 0.018682298543575743,
           "markup_range": 0.001726361776723807,
           "min_markup": 0.00833665688036275,
           "n_close_orders": 4,
           "rentry_pprice_dist": 0.05060038137811058,
           "rentry_pprice_dist_wallet_exposure_weighting": 5.541353731108545,
           "wallet_exposure_limit": 1.0}}