{"config_name": "recursive_grid_TWTUSDT_469days",
 "logging_level": 0,
 "long": {"auto_unstuck_delay_minutes": 841.0372866989924,
          "auto_unstuck_ema_dist": 0.00211895273252397,
          "auto_unstuck_qty_pct": 0.07685412777073453,
          "auto_unstuck_wallet_exposure_threshold": 0.07215345619710427,
          "backwards_tp": true,
          "ddown_factor": 0.8213048781112441,
          "ema_span_0": 689.8320031723749,
          "ema_span_1": 875.2639131767208,
          "enabled": true,
          "initial_eprice_ema_dist": -0.04179849031558844,
          "initial_qty_pct": 0.004821109226833316,
          "markup_range": 0.008655535195083323,
          "min_markup": 0.004544146462642688,
          "n_close_orders": 5,
          "rentry_pprice_dist": 0.011606280949963266,
          "rentry_pprice_dist_wallet_exposure_weighting": 8.821428589162279,
          "wallet_exposure_limit": 1.0},
 "short": {"auto_unstuck_delay_minutes": 0.0,
           "auto_unstuck_ema_dist": 0.0,
           "auto_unstuck_qty_pct": 0.0,
           "auto_unstuck_wallet_exposure_threshold": 0.0,
           "backwards_tp": true,
           "ddown_factor": 1.3749527571546545,
           "ema_span_0": 621.6492234615084,
           "ema_span_1": 1215.324109058116,
           "enabled": false,
           "initial_eprice_ema_dist": -0.000889159468568837,
           "initial_qty_pct": 0.012967166469601655,
           "markup_range": 0.0011665816140855867,
           "min_markup": 0.004251713226850452,
           "n_close_orders": 15,
           "rentry_pprice_dist": 0.009527519081692769,
           "rentry_pprice_dist_wallet_exposure_weighting": 0.20726248165211836,
           "wallet_exposure_limit": 1.0}}