{"config_name": "recursive_grid_SOLUSDT_928days",
 "logging_level": 0,
 "long": {"auto_unstuck_delay_minutes": 1248.7775531968107,
          "auto_unstuck_ema_dist": 0.0016899394260417536,
          "auto_unstuck_qty_pct": 0.047791083560030964,
          "auto_unstuck_wallet_exposure_threshold": 0.061479416631081626,
          "backwards_tp": true,
          "ddown_factor": 0.5157791305125251,
          "ema_span_0": 803.7765653322247,
          "ema_span_1": 337.37896657660013,
          "enabled": true,
          "initial_eprice_ema_dist": -0.057123072389419736,
          "initial_qty_pct": 0.005604506781702739,
          "markup_range": 0.0045714626487165745,
          "min_markup": 0.0019386650043104194,
          "n_close_orders": 7,
          "rentry_pprice_dist": 0.029496163362176423,
          "rentry_pprice_dist_wallet_exposure_weighting": 0.5746209056456678,
          "wallet_exposure_limit": 1.0},
 "short": {"auto_unstuck_delay_minutes": 0.0,
           "auto_unstuck_ema_dist": 0.0,
           "auto_unstuck_qty_pct": 0.0,
           "auto_unstuck_wallet_exposure_threshold": 0.0,
           "backwards_tp": true,
           "ddown_factor": 0.6396927255321402,
           "ema_span_0": 516.4869428908149,
           "ema_span_1": 534.1847651260592,
           "enabled": false,
           "initial_eprice_ema_dist": -0.0006887880998141683,
           "initial_qty_pct": 0.018407393465895178,
           "markup_range": 0.009392292704946313,
           "min_markup": 0.009872597038539706,
           "n_close_orders": 7,
           "rentry_pprice_dist": 0.052319277055950755,
           "rentry_pprice_dist_wallet_exposure_weighting": 6.10052626107689,
           "wallet_exposure_limit": 1.0}}