{"config_name": "recursive_grid_RNDRUSDT_734days",
 "logging_level": 0,
 "long": {"auto_unstuck_delay_minutes": 439.9217903541114,
          "auto_unstuck_ema_dist": 0.0036829234757758964,
          "auto_unstuck_qty_pct": 0.036731721266599245,
          "auto_unstuck_wallet_exposure_threshold": 0.0945114679548479,
          "backwards_tp": true,
          "ddown_factor": 1.3657307229381657,
          "ema_span_0": 115.62311169073213,
          "ema_span_1": 583.1615557834743,
          "enabled": true,
          "initial_eprice_ema_dist": -0.02913006083652252,
          "initial_qty_pct": 0.0031185603107455793,
          "markup_range": 0.019489230009862014,
          "min_markup": 0.004962917028050246,
          "n_close_orders": 3,
          "rentry_pprice_dist": 0.0337580183981176,
          "rentry_pprice_dist_wallet_exposure_weighting": 2.2340455063719435,
          "wallet_exposure_limit": 1},
 "short": {"auto_unstuck_delay_minutes": 277.09404270312416,
           "auto_unstuck_ema_dist": -0.09020468516414118,
           "auto_unstuck_qty_pct": 0.0982748323266074,
           "auto_unstuck_wallet_exposure_threshold": 0.6786249830969802,
           "backwards_tp": true,
           "ddown_factor": 2.2710757685129046,
           "ema_span_0": 752.7550117899561,
           "ema_span_1": 1266.666372411289,
           "enabled": false,
           "initial_eprice_ema_dist": -0.0747509043828164,
           "initial_qty_pct": 0.041930619789888435,
           "markup_range": 0.03434957015083374,
           "min_markup": 0.0068078949433662975,
           "n_close_orders": 7,
           "rentry_pprice_dist": 0.03348273231598347,
           "rentry_pprice_dist_wallet_exposure_weighting": 2.2415737724037776,
           "wallet_exposure_limit": 1.0}}