{
    "adg": 0.00805664861492783,
    "adg_per_exposure_long": 0.004306065534434971,
    "adg_per_exposure_short": 0.0,
    "adg_w": 0.005159179976569251,
    "adg_w_per_exposure_long": 0.0027574452039386696,
    "adg_w_per_exposure_short": 0.0,
    "calmar_ratio": 0.013335126977846341,
    "calmar_ratio_w": 0.016196132219720508,
    "drawdown_worst": 0.604167371507774,
    "drawdown_worst_mean_1pct": 0.4038450175229672,
    "equity_balance_diff_neg_max": 0.6451832267133404,
    "equity_balance_diff_neg_mean": 0.005028685730419057,
    "equity_balance_diff_pos_max": 0.2861272253941911,
    "equity_balance_diff_pos_mean": 0.0002703520717211346,
    "equity_choppiness": 1.6641529969258078,
    "equity_choppiness_w": 1.4506238174060777,
    "equity_jerkiness": 0.01553496105381327,
    "equity_jerkiness_w": 0.011476109581668455,
    "expected_shortfall_1pct": 0.36420679017336877,
    "exponential_fit_error": 2.8732295636569183,
    "exponential_fit_error_w": 0.30621971773859,
    "gain": 1571159.8947615342,
    "gain_per_exposure_long": 839743.3964519156,
    "gain_per_exposure_short": 0.0,
    "loss_profit_ratio": 0.04011245453188408,
    "loss_profit_ratio_long": 0.04011245453188408,
    "loss_profit_ratio_short": 1.0,
    "loss_profit_ratio_w": 0.03839586201387397,
    "mdg": 0.0010876277083450869,
    "mdg_per_exposure_long": 0.000581308235352799,
    "mdg_per_exposure_short": 0.0,
    "mdg_w": 0.0012887091906203232,
    "mdg_w_per_exposure_long": 0.0006887809677286602,
    "mdg_w_per_exposure_short": 0.0,
    "omega_ratio": 8.552512820107985,
    "omega_ratio_w": 6.388332525231675,
    "pnl_ratio_long_short": 1.0,
    "position_held_hours_max": 281.43333333333334,
    "position_held_hours_mean": 9.45325087218522,
    "position_held_hours_median": 2.825,
    "position_unchanged_hours_max": 191.33333333333334,
    "positions_held_per_day": 2.3649532381689053,
    "sharpe_ratio": 0.05973512030477749,
    "sharpe_ratio_w": 0.0870734571008285,
    "sortino_ratio": 0.10434797272306055,
    "sortino_ratio_w": 0.096608432936514,
    "sterling_ratio": 0.019949852704248452,
    "sterling_ratio_w": 0.019009765050691265,
    "volume_pct_per_day_avg": 1.4864828557579672,
    "volume_pct_per_day_avg_w": 1.2180526683895834
}