{"config_name": "recursive_grid_MATICUSDT_889days",
 "logging_level": 0,
 "long": {"auto_unstuck_delay_minutes": 878.8020579229568,
          "auto_unstuck_ema_dist": -0.00698489954970998,
          "auto_unstuck_qty_pct": 0.028049454910957016,
          "auto_unstuck_wallet_exposure_threshold": 0.08302769135154223,
          "backwards_tp": true,
          "ddown_factor": 0.47225951265359867,
          "ema_span_0": 429.1708454089521,
          "ema_span_1": 489.9238832387736,
          "enabled": true,
          "initial_eprice_ema_dist": 0.009226807711316466,
          "initial_qty_pct": 0.004950124722405847,
          "markup_range": 0.013990901116612517,
          "min_markup": 0.006332291957561217,
          "n_close_orders": 1,
          "rentry_pprice_dist": 0.009215591526210171,
          "rentry_pprice_dist_wallet_exposure_weighting": 2.517150298074952,
          "wallet_exposure_limit": 1.0},
 "short": {"auto_unstuck_delay_minutes": 1396.9956091203717,
           "auto_unstuck_ema_dist": -0.01902839853296573,
           "auto_unstuck_qty_pct": 0.011658036142395188,
           "auto_unstuck_wallet_exposure_threshold": 0.28344105844611833,
           "backwards_tp": true,
           "ddown_factor": 2.8997355297521,
           "ema_span_0": 32.28093938508553,
           "ema_span_1": 814.6071125146426,
           "enabled": false,
           "initial_eprice_ema_dist": -0.06773904369457776,
           "initial_qty_pct": 0.030954036478712407,
           "markup_range": 0.026310476003548022,
           "min_markup": 0.003778033918552296,
           "n_close_orders": 9,
           "rentry_pprice_dist": 0.049413633515281885,
           "rentry_pprice_dist_wallet_exposure_weighting": 11.806067102283652,
           "wallet_exposure_limit": 1.0}}