{"config_name": "recursive_grid_INJUSDT_513days",
 "logging_level": 0,
 "long": {"auto_unstuck_delay_minutes": 1438.312921871637,
          "auto_unstuck_ema_dist": -0.001987696730693798,
          "auto_unstuck_qty_pct": 0.012574871182874307,
          "auto_unstuck_wallet_exposure_threshold": 0.058646774294448735,
          "backwards_tp": true,
          "ddown_factor": 0.9446570266979286,
          "ema_span_0": 419.4633976544272,
          "ema_span_1": 630.9715406411718,
          "enabled": true,
          "initial_eprice_ema_dist": -0.0876553270476232,
          "initial_qty_pct": 0.0004785935546617574,
          "markup_range": 0.007218147428675409,
          "min_markup": 0.010356978622602802,
          "n_close_orders": 5,
          "rentry_pprice_dist": 0.02083711798985433,
          "rentry_pprice_dist_wallet_exposure_weighting": 1.56493857478227,
          "wallet_exposure_limit": 1.0},
 "short": {"auto_unstuck_delay_minutes": 0.0,
           "auto_unstuck_ema_dist": 0.0,
           "auto_unstuck_qty_pct": 0.0,
           "auto_unstuck_wallet_exposure_threshold": 0.0,
           "backwards_tp": true,
           "ddown_factor": 0.4463753908658957,
           "ema_span_0": 1215.0906892271728,
           "ema_span_1": 750.4209749990341,
           "enabled": false,
           "initial_eprice_ema_dist": -0.006995720236697828,
           "initial_qty_pct": 0.007066471985681205,
           "markup_range": 0.0061884993896207975,
           "min_markup": 0.003348742749490055,
           "n_close_orders": 8,
           "rentry_pprice_dist": 0.02458057423016712,
           "rentry_pprice_dist_wallet_exposure_weighting": 5.744370611861561,
           "wallet_exposure_limit": 1.0}}