{"config_name": "recursive_grid_SHIB1000USDT_807days",
 "logging_level": 0,
 "long": {"auto_unstuck_delay_minutes": 830.2502120720915,
          "auto_unstuck_ema_dist": 0.001342376011678716,
          "auto_unstuck_qty_pct": 0.05940714998768997,
          "auto_unstuck_wallet_exposure_threshold": 0.09765367264116949,
          "backwards_tp": true,
          "ddown_factor": 0.3240081746109433,
          "ema_span_0": 224.95138091871235,
          "ema_span_1": 184.40023748239298,
          "enabled": true,
          "initial_eprice_ema_dist": -0.03554833957852787,
          "initial_qty_pct": 0.005839405311492311,
          "markup_range": 0.011539339984230264,
          "min_markup": 0.010033772236022193,
          "n_close_orders": 1,
          "rentry_pprice_dist": 0.014074116101154822,
          "rentry_pprice_dist_wallet_exposure_weighting": 1.8190061302877207,
          "wallet_exposure_limit": 1.0},
 "short": {"auto_unstuck_delay_minutes": 0.0,
           "auto_unstuck_ema_dist": 0.0,
           "auto_unstuck_qty_pct": 0.0,
           "auto_unstuck_wallet_exposure_threshold": 0.0,
           "backwards_tp": true,
           "ddown_factor": 0.43814213638665855,
           "ema_span_0": 771.1700023273459,
           "ema_span_1": 1023.0309093328997,
           "enabled": false,
           "initial_eprice_ema_dist": -0.0069715091320581585,
           "initial_qty_pct": 0.01711283018672792,
           "markup_range": 0.0065014078105129726,
           "min_markup": 0.00753178253866159,
           "n_close_orders": 16,
           "rentry_pprice_dist": 0.028776418419988143,
           "rentry_pprice_dist_wallet_exposure_weighting": 0.6111701655083682,
           "wallet_exposure_limit": 1.0}}