{"config_name": "recursive_grid_XRPUSDT_937days",
 "logging_level": 0,
 "long": {"auto_unstuck_delay_minutes": 984.2830067134114,
          "auto_unstuck_ema_dist": -0.0026181819471318766,
          "auto_unstuck_qty_pct": 0.09697896141738749,
          "auto_unstuck_wallet_exposure_threshold": 0.06599546832629215,
          "backwards_tp": true,
          "ddown_factor": 3.9493480608832927,
          "ema_span_0": 377.87376246632294,
          "ema_span_1": 961.6368125753241,
          "enabled": true,
          "initial_eprice_ema_dist": -0.01566327372384137,
          "initial_qty_pct": 0.0036548965277506877,
          "markup_range": 0.006939890817910799,
          "min_markup": 0.009288251278274826,
          "n_close_orders": 3,
          "rentry_pprice_dist": 0.028099030332111134,
          "rentry_pprice_dist_wallet_exposure_weighting": 0.3775178039295583,
          "wallet_exposure_limit": 1},
 "short": {"auto_unstuck_delay_minutes": 644.5622923470613,
           "auto_unstuck_ema_dist": -0.06068424191003292,
           "auto_unstuck_qty_pct": 0.07828467008980913,
           "auto_unstuck_wallet_exposure_threshold": 0.7312446546421515,
           "backwards_tp": true,
           "ddown_factor": 1.9446522935316983,
           "ema_span_0": 1235.4011655874076,
           "ema_span_1": 535.3061871946065,
           "enabled": false,
           "initial_eprice_ema_dist": -0.04582940906506215,
           "initial_qty_pct": 0.02814145889876355,
           "markup_range": 0.0006028209207762037,
           "min_markup": 0.007100160319216905,
           "n_close_orders": 16,
           "rentry_pprice_dist": 0.014175160269151155,
           "rentry_pprice_dist_wallet_exposure_weighting": 1.4162163380520965,
           "wallet_exposure_limit": 1.0}}