{"config_name": "recursive_grid_WLDUSDT_220days",
 "logging_level": 0,
 "long": {"auto_unstuck_delay_minutes": 488.2046257886294,
          "auto_unstuck_ema_dist": -0.006167276380914212,
          "auto_unstuck_qty_pct": 0.01,
          "auto_unstuck_wallet_exposure_threshold": 0.0973330305717738,
          "backwards_tp": true,
          "ddown_factor": 3.3570938415604337,
          "ema_span_0": 747.0719404708387,
          "ema_span_1": 386.76800597187633,
          "enabled": true,
          "initial_eprice_ema_dist": -0.09968639079160577,
          "initial_qty_pct": 0.0022667613592379956,
          "markup_range": 0.0096940325619828,
          "min_markup": 0.006282123905209967,
          "n_close_orders": 2,
          "rentry_pprice_dist": 0.024125104133218597,
          "rentry_pprice_dist_wallet_exposure_weighting": 3.5122311232667336,
          "wallet_exposure_limit": 1.0},
 "short": {"auto_unstuck_delay_minutes": 0.0,
           "auto_unstuck_ema_dist": 0.0,
           "auto_unstuck_qty_pct": 0.0,
           "auto_unstuck_wallet_exposure_threshold": 0.0,
           "backwards_tp": true,
           "ddown_factor": 2.002804200895781,
           "ema_span_0": 702.1076712599831,
           "ema_span_1": 1044.3866648140624,
           "enabled": false,
           "initial_eprice_ema_dist": -0.008103603531468363,
           "initial_qty_pct": 0.008623850446047687,
           "markup_range": 0.009345978697651752,
           "min_markup": 0.003073253629095919,
           "n_close_orders": 4,
           "rentry_pprice_dist": 0.038889702420949766,
           "rentry_pprice_dist_wallet_exposure_weighting": 6.952546267208262,
           "wallet_exposure_limit": 1.0}}