{"config_name": "recursive_grid_ATOMUSDT_787days",
 "logging_level": 0,
 "long": {"auto_unstuck_delay_minutes": 959.649903639393,
          "auto_unstuck_ema_dist": 0.003928275619839595,
          "auto_unstuck_qty_pct": 0.011878656178507628,
          "auto_unstuck_wallet_exposure_threshold": 0.07054524226826538,
          "backwards_tp": true,
          "ddown_factor": 1.0532738724775776,
          "ema_span_0": 740.6509598045,
          "ema_span_1": 251.48285068446918,
          "enabled": true,
          "initial_eprice_ema_dist": -0.0009888861301835172,
          "initial_qty_pct": 0.005723295267937585,
          "markup_range": 0.011304294923112693,
          "min_markup": 0.005277864476775172,
          "n_close_orders": 2,
          "rentry_pprice_dist": 0.017022514062163308,
          "rentry_pprice_dist_wallet_exposure_weighting": 2.7456560974165813,
          "wallet_exposure_limit": 1.0},
 "short": {"auto_unstuck_delay_minutes": 35.389856781379976,
           "auto_unstuck_ema_dist": -0.0757156084752007,
           "auto_unstuck_qty_pct": 0.06224989280408823,
           "auto_unstuck_wallet_exposure_threshold": 0.10334343877442027,
           "backwards_tp": true,
           "ddown_factor": 1.610042435795578,
           "ema_span_0": 325.60984095080744,
           "ema_span_1": 1145.1768733889185,
           "enabled": false,
           "initial_eprice_ema_dist": -0.07037865938769065,
           "initial_qty_pct": 0.047097019733256494,
           "markup_range": 0.039594098840885064,
           "min_markup": 0.0065931862685099825,
           "n_close_orders": 13,
           "rentry_pprice_dist": 0.019867399197804343,
           "rentry_pprice_dist_wallet_exposure_weighting": 8.697420788580715,
           "wallet_exposure_limit": 1.0}}