{"config_name": "recursive_grid_FILUSDT_973days",
 "logging_level": 0,
 "long": {"auto_unstuck_delay_minutes": 399.00797970776347,
          "auto_unstuck_ema_dist": 0.00013532323696177582,
          "auto_unstuck_qty_pct": 0.036957520545837806,
          "auto_unstuck_wallet_exposure_threshold": 0.09103211545190922,
          "backwards_tp": true,
          "ddown_factor": 1.1675004459012768,
          "ema_span_0": 902.2612461722396,
          "ema_span_1": 533.5631019223333,
          "enabled": true,
          "initial_eprice_ema_dist": -0.08198543886928744,
          "initial_qty_pct": 0.0027336415145119016,
          "markup_range": 0.007213754004008326,
          "min_markup": 0.003163294834560899,
          "n_close_orders": 1,
          "rentry_pprice_dist": 0.016493359119102276,
          "rentry_pprice_dist_wallet_exposure_weighting": 9.468140166615967,
          "wallet_exposure_limit": 1.0},
 "short": {"auto_unstuck_delay_minutes": 0.0,
           "auto_unstuck_ema_dist": 0.0,
           "auto_unstuck_qty_pct": 0.0,
           "auto_unstuck_wallet_exposure_threshold": 0.0,
           "backwards_tp": true,
           "ddown_factor": 2.420655525079008,
           "ema_span_0": 810.3407881511396,
           "ema_span_1": 1430.6835807360176,
           "enabled": false,
           "initial_eprice_ema_dist": -0.00601634099942423,
           "initial_qty_pct": 0.009124448413139748,
           "markup_range": 0.00390983599190384,
           "min_markup": 0.007066025508575292,
           "n_close_orders": 5,
           "rentry_pprice_dist": 0.009075688656050157,
           "rentry_pprice_dist_wallet_exposure_weighting": 0.19866096824246648,
           "wallet_exposure_limit": 1.0}}