{"config_name": "recursive_grid_ATOMUSDT_788days",
 "logging_level": 0,
 "long": {"auto_unstuck_delay_minutes": 996.528137433126,
          "auto_unstuck_ema_dist": 0.0029751870125640355,
          "auto_unstuck_qty_pct": 0.01035729498929014,
          "auto_unstuck_wallet_exposure_threshold": 0.06575884596534895,
          "backwards_tp": true,
          "ddown_factor": 0.9944325871312436,
          "ema_span_0": 639.4749695308499,
          "ema_span_1": 313.1149194226386,
          "enabled": true,
          "initial_eprice_ema_dist": -0.0214576059755348,
          "initial_qty_pct": 0.003929281036262247,
          "markup_range": 0.010549173438435243,
          "min_markup": 0.005920583689033006,
          "n_close_orders": 2,
          "rentry_pprice_dist": 0.01864562737800993,
          "rentry_pprice_dist_wallet_exposure_weighting": 2.1213514586754303,
          "wallet_exposure_limit": 1.0},
 "short": {"auto_unstuck_delay_minutes": 1076.2687118078554,
           "auto_unstuck_ema_dist": -0.023061520038537467,
           "auto_unstuck_qty_pct": 0.011849791950344616,
           "auto_unstuck_wallet_exposure_threshold": 0.5915213723390579,
           "backwards_tp": true,
           "ddown_factor": 2.4894469420323917,
           "ema_span_0": 426.5616546775807,
           "ema_span_1": 963.0267556178078,
           "enabled": false,
           "initial_eprice_ema_dist": -0.07782330513443722,
           "initial_qty_pct": 0.020215698626191596,
           "markup_range": 0.043419890707941174,
           "min_markup": 0.009193571945731258,
           "n_close_orders": 12,
           "rentry_pprice_dist": 0.03673451908804736,
           "rentry_pprice_dist_wallet_exposure_weighting": 19.299351543464933,
           "wallet_exposure_limit": 1.0}}