{"config_name": "recursive_grid_LINKUSDT_1185days",
 "logging_level": 0,
 "long": {"auto_unstuck_delay_minutes": 433.47503228898864,
          "auto_unstuck_ema_dist": 0.004615876480017298,
          "auto_unstuck_qty_pct": 0.02535376967868264,
          "auto_unstuck_wallet_exposure_threshold": 0.06129774904051704,
          "backwards_tp": true,
          "ddown_factor": 0.572049512219294,
          "ema_span_0": 74.45927764457666,
          "ema_span_1": 784.9540117952049,
          "enabled": true,
          "initial_eprice_ema_dist": -0.04776722359713334,
          "initial_qty_pct": 0.0032770744250245044,
          "markup_range": 0.009207458569257336,
          "min_markup": 0.003996636702942114,
          "n_close_orders": 7,
          "rentry_pprice_dist": 0.024334836812140017,
          "rentry_pprice_dist_wallet_exposure_weighting": 0.5804798499409988,
          "wallet_exposure_limit": 1.0},
 "short": {"auto_unstuck_delay_minutes": 0.0,
           "auto_unstuck_ema_dist": 0.0,
           "auto_unstuck_qty_pct": 0.0,
           "auto_unstuck_wallet_exposure_threshold": 0.0,
           "backwards_tp": true,
           "ddown_factor": 1.6571723184590594,
           "ema_span_0": 839.5518597667399,
           "ema_span_1": 1007.4676126907334,
           "enabled": false,
           "initial_eprice_ema_dist": -0.0032156933446100934,
           "initial_qty_pct": 0.015747313534880878,
           "markup_range": 0.0069294071200484775,
           "min_markup": 0.004158668104419814,
           "n_close_orders": 10,
           "rentry_pprice_dist": 0.020261265033913466,
           "rentry_pprice_dist_wallet_exposure_weighting": 3.440790235376448,
           "wallet_exposure_limit": 1.0}}