{"config_name": "recursive_grid_ICPUSDT_899days",
 "logging_level": 0,
 "long": {"auto_unstuck_delay_minutes": 1069.0467583630098,
          "auto_unstuck_ema_dist": -0.009464016535082899,
          "auto_unstuck_qty_pct": 0.029056666881592474,
          "auto_unstuck_wallet_exposure_threshold": 0.0543979814437483,
          "backwards_tp": true,
          "ddown_factor": 2.2216575173041817,
          "ema_span_0": 791.3354141067495,
          "ema_span_1": 221.26073037298582,
          "enabled": true,
          "initial_eprice_ema_dist": -0.08855634966487524,
          "initial_qty_pct": 0.0027323062825697422,
          "markup_range": 0.009626491088398748,
          "min_markup": 0.010322008120900438,
          "n_close_orders": 1,
          "rentry_pprice_dist": 0.03385241707908509,
          "rentry_pprice_dist_wallet_exposure_weighting": 1.295288329204126,
          "wallet_exposure_limit": 1.0},
 "short": {"auto_unstuck_delay_minutes": 0.0,
           "auto_unstuck_ema_dist": 0.0,
           "auto_unstuck_qty_pct": 0.0,
           "auto_unstuck_wallet_exposure_threshold": 0.0,
           "backwards_tp": true,
           "ddown_factor": 2.2194302221681586,
           "ema_span_0": 432.6549377313475,
           "ema_span_1": 473.9255348128877,
           "enabled": false,
           "initial_eprice_ema_dist": -0.00713663038630875,
           "initial_qty_pct": 0.01467108080791454,
           "markup_range": 0.005552419260823266,
           "min_markup": 0.005996525660014809,
           "n_close_orders": 3,
           "rentry_pprice_dist": 0.015908759026142926,
           "rentry_pprice_dist_wallet_exposure_weighting": 5.126735276374559,
           "wallet_exposure_limit": 1.0}}