{"config_name": "recursive_grid_ARBUSDT_333days",
 "logging_level": 0,
 "long": {"auto_unstuck_delay_minutes": 837.6611509747981,
          "auto_unstuck_ema_dist": -0.002199592587466403,
          "auto_unstuck_qty_pct": 0.020908157595496496,
          "auto_unstuck_wallet_exposure_threshold": 0.08522763908754101,
          "backwards_tp": true,
          "ddown_factor": 2.102850578327853,
          "ema_span_0": 500.596976978501,
          "ema_span_1": 816.6587596459609,
          "enabled": true,
          "initial_eprice_ema_dist": -0.09830011524342355,
          "initial_qty_pct": 0.005835968653417922,
          "markup_range": 0.004261551890215943,
          "min_markup": 0.007141389656861883,
          "n_close_orders": 5,
          "rentry_pprice_dist": 0.021813145160408297,
          "rentry_pprice_dist_wallet_exposure_weighting": 4.719118106805786,
          "wallet_exposure_limit": 1.0},
 "short": {"auto_unstuck_delay_minutes": 0.0,
           "auto_unstuck_ema_dist": 0.0,
           "auto_unstuck_qty_pct": 0.0,
           "auto_unstuck_wallet_exposure_threshold": 0.0,
           "backwards_tp": true,
           "ddown_factor": 1.4155870799378292,
           "ema_span_0": 1059.428797241173,
           "ema_span_1": 639.1709236471363,
           "enabled": false,
           "initial_eprice_ema_dist": 0.0022437020421137467,
           "initial_qty_pct": 0.008195103835699047,
           "markup_range": 9.031992575862181e-05,
           "min_markup": 0.0020138582037602937,
           "n_close_orders": 11,
           "rentry_pprice_dist": 0.04778176402806439,
           "rentry_pprice_dist_wallet_exposure_weighting": 1.0431486837627588,
           "wallet_exposure_limit": 1.0}}