{"config_name": "recursive_grid_RUNEUSDT_812days",
 "logging_level": 0,
 "long": {"auto_unstuck_delay_minutes": 927.9871960207669,
          "auto_unstuck_ema_dist": -0.004115787802186667,
          "auto_unstuck_qty_pct": 0.041080469040814784,
          "auto_unstuck_wallet_exposure_threshold": 0.07341105079350582,
          "backwards_tp": true,
          "ddown_factor": 2.174776032716223,
          "ema_span_0": 722.699915785566,
          "ema_span_1": 830.1674322422198,
          "enabled": true,
          "initial_eprice_ema_dist": -0.05476913470899559,
          "initial_qty_pct": 0.0010748334015443742,
          "markup_range": 0.005268106001852948,
          "min_markup": 0.0029410737097870184,
          "n_close_orders": 4,
          "rentry_pprice_dist": 0.022377405053987515,
          "rentry_pprice_dist_wallet_exposure_weighting": 7.05293623951085,
          "wallet_exposure_limit": 1.0},
 "short": {"auto_unstuck_delay_minutes": 0.0,
           "auto_unstuck_ema_dist": 0.0,
           "auto_unstuck_qty_pct": 0.0,
           "auto_unstuck_wallet_exposure_threshold": 0.0,
           "backwards_tp": true,
           "ddown_factor": 2.000659155450495,
           "ema_span_0": 559.9262484723151,
           "ema_span_1": 1251.8700482550369,
           "enabled": false,
           "initial_eprice_ema_dist": -0.0016306632025064275,
           "initial_qty_pct": 0.013529927520583643,
           "markup_range": 0.006791405788153598,
           "min_markup": 0.006607674776762484,
           "n_close_orders": 9,
           "rentry_pprice_dist": 0.043760645074646845,
           "rentry_pprice_dist_wallet_exposure_weighting": 6.496570662594182,
           "wallet_exposure_limit": 1.0}}