{"config_name": "recursive_grid_FETUSDT_376days",
 "logging_level": 0,
 "long": {"auto_unstuck_delay_minutes": 774.3970677538651,
          "auto_unstuck_ema_dist": -0.0005818575287524114,
          "auto_unstuck_qty_pct": 0.053148353414040186,
          "auto_unstuck_wallet_exposure_threshold": 0.07466962427688431,
          "backwards_tp": true,
          "ddown_factor": 2.5432102381209547,
          "ema_span_0": 468.3332366094398,
          "ema_span_1": 449.0748917334812,
          "enabled": true,
          "initial_eprice_ema_dist": 0.000604574395438133,
          "initial_qty_pct": 0.002364737113439749,
          "markup_range": 0.00785664227834406,
          "min_markup": 0.0027786574004132754,
          "n_close_orders": 2,
          "rentry_pprice_dist": 0.010086881201368723,
          "rentry_pprice_dist_wallet_exposure_weighting": 11.89447407817122,
          "wallet_exposure_limit": 1.0},
 "short": {"auto_unstuck_delay_minutes": 0.0,
           "auto_unstuck_ema_dist": 0.0,
           "auto_unstuck_qty_pct": 0.0,
           "auto_unstuck_wallet_exposure_threshold": 0.0,
           "backwards_tp": true,
           "ddown_factor": 1.5790867189877456,
           "ema_span_0": 1016.775412446652,
           "ema_span_1": 433.39133239329584,
           "enabled": false,
           "initial_eprice_ema_dist": -0.002303489318742218,
           "initial_qty_pct": 0.013656804985774429,
           "markup_range": 0.002252009921914383,
           "min_markup": 0.005675890084090351,
           "n_close_orders": 11,
           "rentry_pprice_dist": 0.04586491495798374,
           "rentry_pprice_dist_wallet_exposure_weighting": 2.2854304218316788,
           "wallet_exposure_limit": 1.0}}