{"config_name": "recursive_grid_OPUSDT_551days",
 "logging_level": 0,
 "long": {"auto_unstuck_delay_minutes": 1240.1170103446996,
          "auto_unstuck_ema_dist": -0.00820011463558075,
          "auto_unstuck_qty_pct": 0.06828399229969574,
          "auto_unstuck_wallet_exposure_threshold": 0.09229593508911535,
          "backwards_tp": true,
          "ddown_factor": 1.7616682794810419,
          "ema_span_0": 425.0975829108493,
          "ema_span_1": 635.4669172792645,
          "enabled": true,
          "initial_eprice_ema_dist": -0.008723669633253826,
          "initial_qty_pct": 0.004703987251283758,
          "markup_range": 0.021759927212732438,
          "min_markup": 0.005721653076648673,
          "n_close_orders": 3,
          "rentry_pprice_dist": 0.02905570189375943,
          "rentry_pprice_dist_wallet_exposure_weighting": 1.06777903824685,
          "wallet_exposure_limit": 1},
 "short": {"auto_unstuck_delay_minutes": 495.7965356996467,
           "auto_unstuck_ema_dist": -0.0085296908085494,
           "auto_unstuck_qty_pct": 0.02628686777346323,
           "auto_unstuck_wallet_exposure_threshold": 0.48419488661707344,
           "backwards_tp": true,
           "ddown_factor": 0.8007171116479422,
           "ema_span_0": 1029.0156032684315,
           "ema_span_1": 717.7255935148615,
           "enabled": false,
           "initial_eprice_ema_dist": 0.0025539788820019282,
           "initial_qty_pct": 0.04912980721422217,
           "markup_range": 0.059947483122779796,
           "min_markup": 0.009869952985258355,
           "n_close_orders": 12,
           "rentry_pprice_dist": 0.01669155573762068,
           "rentry_pprice_dist_wallet_exposure_weighting": 15.547785864374696,
           "wallet_exposure_limit": 1.0}}