{"config_name": "recursive_grid_ADAUSDT_994days",
 "logging_level": 0,
 "long": {"auto_unstuck_delay_minutes": 737.6903595048021,
          "auto_unstuck_ema_dist": -0.0008498384522328932,
          "auto_unstuck_qty_pct": 0.019034386161293607,
          "auto_unstuck_wallet_exposure_threshold": 0.06503731173908023,
          "backwards_tp": true,
          "ddown_factor": 2.3879118635008956,
          "ema_span_0": 848.1593130415255,
          "ema_span_1": 452.7080680129515,
          "enabled": true,
          "initial_eprice_ema_dist": -0.01775370504983001,
          "initial_qty_pct": 0.002547056816486166,
          "markup_range": 0.012550478507778656,
          "min_markup": 0.0038311868898084555,
          "n_close_orders": 6,
          "rentry_pprice_dist": 0.023346869155343022,
          "rentry_pprice_dist_wallet_exposure_weighting": 1.175804492422666,
          "wallet_exposure_limit": 1.0},
 "short": {"auto_unstuck_delay_minutes": 992.923840802743,
           "auto_unstuck_ema_dist": -0.07197282259192961,
           "auto_unstuck_qty_pct": 0.05961028302987842,
           "auto_unstuck_wallet_exposure_threshold": 0.33611117715928585,
           "backwards_tp": true,
           "ddown_factor": 0.7643643259829327,
           "ema_span_0": 292.1789797031102,
           "ema_span_1": 650.6617021366924,
           "enabled": false,
           "initial_eprice_ema_dist": -0.004111854430580014,
           "initial_qty_pct": 0.01548626670805802,
           "markup_range": 0.01586422266649748,
           "min_markup": 0.009640331712614792,
           "n_close_orders": 6,
           "rentry_pprice_dist": 0.035825053499465874,
           "rentry_pprice_dist_wallet_exposure_weighting": 15.725409106026513,
           "wallet_exposure_limit": 1.0}}