{"config_name": "recursive_grid_TIAUSDT_71days",
 "logging_level": 0,
 "long": {"auto_unstuck_delay_minutes": 639.8000729565886,
          "auto_unstuck_ema_dist": 0.003228108554162969,
          "auto_unstuck_qty_pct": 0.08419895421752183,
          "auto_unstuck_wallet_exposure_threshold": 0.08848118307686308,
          "backwards_tp": true,
          "ddown_factor": 1.6597656899077922,
          "ema_span_0": 700.3495750034247,
          "ema_span_1": 698.3547670302879,
          "enabled": true,
          "initial_eprice_ema_dist": 0.006998611459708651,
          "initial_qty_pct": 0.005653447773442514,
          "markup_range": 0.006962243255639761,
          "min_markup": 0.004968244842956146,
          "n_close_orders": 8,
          "rentry_pprice_dist": 0.006294981786865044,
          "rentry_pprice_dist_wallet_exposure_weighting": 0.32537917851231085,
          "wallet_exposure_limit": 1},
 "short": {"auto_unstuck_delay_minutes": 0.0,
           "auto_unstuck_ema_dist": 0.0,
           "auto_unstuck_qty_pct": 0.0,
           "auto_unstuck_wallet_exposure_threshold": 0.0,
           "backwards_tp": true,
           "ddown_factor": 2.2407665198777305,
           "ema_span_0": 1197.1034846258021,
           "ema_span_1": 1214.3019654321415,
           "enabled": false,
           "initial_eprice_ema_dist": -0.008338532774673108,
           "initial_qty_pct": 0.013125549794741277,
           "markup_range": 0.009007705702325883,
           "min_markup": 0.006851098097820673,
           "n_close_orders": 12,
           "rentry_pprice_dist": 0.040876771935784054,
           "rentry_pprice_dist_wallet_exposure_weighting": 3.601029607475512,
           "wallet_exposure_limit": 1.0}}